strategy,symbol,timeframe,total_return,annual_return,sharpe_ratio,max_drawdown,calmar_ratio,win_rate,total_trades,profit_factor,final_value
breakout_squeeze,SOLUSDT,4h,-2.521077138821606,-1.2685851103214518,0.08936699012219429,-30.28904365608913,-0.04188263996464685,43.75,32.0,0.9695504267726066,146.21838429176762
correlation_pruner,SOLUSDT,4h,-31.576402006044606,-17.28144223092657,0.00868308665449713,-68.03450127818351,-0.2540099788527174,40.33613445378151,119.0,0.9032252807096399,102.6353969909332
drawdown_throttle,SOLUSDT,4h,0.7368074834752367,0.3677276237114224,0.30544200046368286,-64.61011081391464,0.005691487277750148,41.964285714285715,112.0,1.0021726026871538,151.10521122521274
ensemble_vote,SOLUSDT,4h,-43.61664869977041,-24.91115175991204,-0.17365108441682356,-59.890976098276596,-0.4159416557017657,33.33333333333333,252.0,0.900968975732968,84.5750269503446
funding_arb,SOLUSDT,8h,0.0,0.0,0.0,0.0,0.0,0.0,0.0,0.0,150.0
funding_arb_relaxed,SOLUSDT,8h,0.0,0.0,0.0,0.0,0.0,0.0,0.0,0.0,150.0
gap_fade,SOLUSDT,1d,0.0,0.0,0.0,0.0,0.0,0.0,0.0,0.0,150.0
grid_atr_adaptive,SOLUSDT,4h,-54.1182904159201,-32.26396115502479,-0.016484052956650775,-83.20924524047982,-0.3877449081743256,71.54471544715447,123.0,0.7568711838159806,68.82256437611977
grid_bollinger,SOLUSDT,4h,13.62372845102226,6.594431585811389,0.4278090238366089,-65.11247202976065,0.10127754914292462,66.86746987951807,166.0,1.0509766813736003,170.4355926765331
grid_funding_aware,SOLUSDT,4h,153.34651959292032,59.168627434215296,1.2929273117641684,-29.43948311178962,2.009839208437734,75.92592592592592,54.0,2.1009353436692466,380.01977938938046
grid_futures,SOLUSDT,4h,17.759320206648322,8.516966510609913,0.45690890047733984,-76.08502591207626,0.11194011447734942,62.62626262626263,99.0,1.0944806864910581,176.63898030997237
grid_hedged,SOLUSDT,4h,-37.27790242131103,-20.8027162216475,-0.157389775429573,-60.169869970915954,-0.34573310914088423,61.72839506172839,81.0,0.7869179218183111,94.08314636803348
grid_ranging_only,SOLUSDT,4h,-39.71309934984996,-22.355360358779418,-1.0319496657751142,-53.76031223388485,-0.415833901066686,51.85185185185185,81.0,0.637254752252129,90.43035097522505
grid_stopout,SOLUSDT,4h,-43.902663592395776,-25.101844877457612,-0.36206428534404267,-68.85213118054546,-0.3645761495985512,61.33333333333333,150.0,0.7924569572494959,84.14600461140641
grid_trend_bias,SOLUSDT,4h,-10.218210502364286,-5.246747022787812,0.11201009491430833,-69.72566007270329,-0.07524843819788875,66.17647058823529,68.0,0.9119930114674549,134.6726842464535
heikin_ashi_trend,SOLUSDT,4h,-19.538596082072292,-10.299719109733152,0.03922282143015119,-48.63459686523587,-0.2117776186831193,34.96332518337408,409.0,0.9476998621972235,120.69210587689145
ichimoku_cloud,SOLUSDT,4h,12.893629459940408,6.251413854094401,0.418728980425585,-45.230204441834765,0.1382132566332661,25.34246575342466,146.0,1.0315056156770346,169.3404441899103
kelly_sizer,SOLUSDT,4h,0.0,0.0,0.0,0.0,0.0,0.0,0.0,0.0,150.0
long_horizon_eth,SOLUSDT,1d,-67.04129453254679,-42.5903270628954,-0.5209255034334942,-78.97290018717594,-0.5393030642404019,40.0,10.0,0.15577215398256308,49.43805820117988
long_horizon_sol,SOLUSDT,1d,-69.68940106559614,-44.94493762204619,-0.6299285382085524,-81.98922944869024,-0.5481809979708765,23.52941176470588,17.0,0.27726040967419796,45.46589840160584
macd_trend,SOLUSDT,4h,-32.69126093326255,-17.958096641571352,-0.18229388651777786,-48.42264312602056,-0.3708615532372979,32.758620689655174,174.0,0.8810835022466246,100.96310860010618
mean_reversion_bb,SOLUSDT,1h,-38.102929751781346,-21.325308867324644,-0.5692937146276634,-51.230269510958195,-0.4162638430540199,48.178137651821864,247.0,0.8322958145511361,92.84560537232794
momentum_ranking,SOLUSDT,1d,14.32621158090499,6.923435962797697,0.4067444474154103,-50.18078201864444,0.1379698698243747,47.05882352941176,17.0,1.0921805899193229,171.48931737135757
momentum_roc,SOLUSDT,4h,-70.8522829826282,-46.011374329983354,-0.6168993467654282,-81.55152250008841,-0.5642000654240817,37.05882352941177,170.0,0.8080309485380714,43.72157552605764
mr_kalman,SOLUSDT,1h,-40.76609686044884,-23.036435153021174,-0.2724122874296212,-65.81333387018373,-0.35002686839205494,65.47884187082406,449.0,0.9085015764122366,88.85085470932694
mrbb_atr_stop,SOLUSDT,1h,-5.8991704042531605,-2.9944178947691524,-0.5410233619263363,-8.586403534575837,-0.34873947895777235,33.33333333333333,6.0,0.2048012795954445,141.15124439362026
mrbb_dual,SOLUSDT,1h,-75.20230896224156,-50.20271991588452,-0.7197995659192671,-77.96888989202364,-0.6438814248273701,62.42424242424243,660.0,0.8407163210789019,37.19653655663758
mrbb_middle_exit,SOLUSDT,1h,-4.608627292595618,-2.331492943014435,0.108337702325079,-34.776596395884866,-0.06704201056577008,61.038961038961034,308.0,0.9820153454486462,143.08705906110697
mrbb_partial_tp,SOLUSDT,1h,-67.30409998463543,-42.81967120122117,-0.17897456881417081,-75.6183799627674,-0.5662600973771786,62.724935732647815,389.0,0.8745296177875057,49.04385002304684
mrbb_regime,SOLUSDT,1h,29.394196606437845,13.751569926062057,0.8043600298161333,-16.026970954356823,0.8580267578462034,66.66666666666666,48.0,1.5885644472189016,194.0912949096568
mrbb_rsi_div,SOLUSDT,1h,-14.313553068438049,-7.433025904720236,-0.11957729913301772,-37.70516625279393,-0.19713547620730762,63.888888888888886,72.0,0.8516383812966775,128.52967039734298
mrbb_vwap,SOLUSDT,1h,-75.24158914678804,-50.24217563718049,-1.0794454040670913,-79.70715193038471,-0.6303345988458026,60.71428571428571,280.0,0.683241044145292,37.1376162798181
mrbb_zscore,SOLUSDT,1h,-80.67204389521773,-56.036428597323585,-1.0755726681833946,-85.80002794763271,-0.6531050156711478,61.23287671232877,730.0,0.8392427691370816,28.991934157173517
opening_range_breakout,SOLUSDT,4h,-74.30690335732957,-49.311641728429954,-0.6844821188649592,-88.34566803069967,-0.5581670593208307,38.39541547277937,698.0,0.8751523057101793,38.53964496400576
pin_bar_reversal,SOLUSDT,4h,-34.13931620069244,-18.845404443551338,-0.04924527111496262,-69.84592793248339,-0.2698139319126558,70.19867549668875,151.0,0.8277597226402965,98.79102569896126
regime_switcher,SOLUSDT,4h,-65.11230180559502,-40.93419077469185,-1.2531143125956032,-69.90400047551834,-0.585577227286552,36.95652173913043,138.0,0.5928135416618514,52.331547291607585
risk_parity,SOLUSDT,4h,-49.95260893087355,-29.255819271740478,-0.3135426172496794,-67.53437965333158,-0.4331989043494123,39.44954128440367,109.0,0.8027255181936906,75.07108660368962
rsi2_connors,SOLUSDT,1h,-60.05338487355332,-36.79666533603889,-1.1491075047803314,-66.1903429764921,-0.5559219620467512,61.60458452722063,698.0,0.8309404641145021,59.919922689669384
spot_perp_basis,SOLUSDT,1h,0.0,0.0,0.0,0.0,0.0,0.0,0.0,0.0,150.0
stochastic_reversal,SOLUSDT,1h,-58.51915848609529,-35.59437795199497,-0.3724419610936695,-78.78857059525747,-0.45177083024955283,60.204081632653065,294.0,0.7877013130356645,62.22126227085712
supertrend_follow,SOLUSDT,4h,-41.07904560473622,-23.240014072914416,0.015758176690196166,-65.9033829202473,-0.3526376498917851,38.46153846153847,104.0,0.8911629014176667,88.38143159289578
trend_donchian,SOLUSDT,4h,-69.0117727007153,-44.33292957296504,-0.8120919249780393,-76.14426942298448,-0.5822227977090939,35.0,80.0,0.59682567118955,46.482340948927046
trend_donchian_adaptive,SOLUSDT,4h,-85.9875444623358,-62.566785420346015,-1.4323842743609538,-88.16603483638767,-0.7096472642379014,27.472527472527474,91.0,0.4260646266188185,21.018683306496264
trend_donchian_adx_slope,SOLUSDT,4h,-51.518684457243545,-30.371474564833377,-0.3959036339413864,-71.5842905119414,-0.42427569439648116,41.25,80.0,0.736040552852213,72.72197331413462
trend_donchian_atr_trail,SOLUSDT,4h,-51.577854039567264,-30.413977006562053,-0.4529793418020005,-62.91907582223383,-0.48338244974371686,35.8974358974359,78.0,0.7417575487929635,72.633218940649
trend_donchian_chandelier,SOLUSDT,4h,-51.577854039567264,-30.413977006562053,-0.4529793418020005,-62.91907582223383,-0.48338244974371686,35.8974358974359,78.0,0.7417575487929635,72.633218940649
trend_donchian_keltner,SOLUSDT,4h,-16.17915028736001,-8.446272761487206,0.06833437754129895,-50.66582607743033,-0.16670551761218977,34.02061855670103,97.0,0.9286508106441161,125.7312745689601
trend_donchian_mtf,SOLUSDT,4h,-52.672976586113506,-31.20536109994726,-0.8853179331608662,-60.13235789152716,-0.5189445781627032,33.33333333333333,21.0,0.28315433201546397,70.99053512082973
trend_donchian_pyramid,SOLUSDT,4h,-79.6033236396736,-54.83732031829113,-0.9756170570860334,-84.74249706346198,-0.6471053157334334,32.743362831858406,113.0,0.5762665093165286,30.59501454048965
trend_donchian_turtle,SOLUSDT,4h,-34.264473828611045,-18.92255173515328,0.08859741518837942,-74.22684904344312,-0.25492866771265454,40.20618556701031,97.0,0.9156691945545101,98.60328925708349
trend_donchian_v2,SOLUSDT,4h,-40.667859022244826,-22.97264058936256,-0.3099664116912625,-64.66453648984334,-0.3552587219576035,37.28813559322034,59.0,0.7211340593485439,88.99821146663287
trend_donchian_volume,SOLUSDT,4h,-63.70134712535298,-39.751636640779175,-0.750255934456467,-73.16941308552647,-0.5432821580011059,32.83582089552239,67.0,0.600672198962509,54.44797931197061
volatility_expansion,SOLUSDT,4h,-21.460208619782975,-11.377321536630912,-0.9229582472145719,-22.98834007169762,-0.4949170536518312,0.0,3.0,0.0,117.80968707032554
walk_forward_trend,SOLUSDT,4h,-68.12243443194646,-43.53977898727853,-0.6381609203149751,-84.15361409041653,-0.5173845408528553,39.42307692307692,104.0,0.723282224103882,47.81634835208036
